field,total_rows,available_gold,pred_present,tp_available_detect,fp_available_detect,fn_available_detect,availability_precision,availability_recall,availability_f1,correct_given_available,coverage_ceiling,yield_end_to_end
Model,168,134,168,134,34,0,0.7976190476190477,1.0,0.8874172185430463,72,0.5373134328358209,0.42857142857142855
Family,168,54,114,52,62,2,0.45614035087719296,0.9629629629629629,0.6190476190476191,0,0.0,0.0
RAG,168,118,144,118,26,0,0.8194444444444444,1.0,0.9007633587786259,118,1.0,0.7023809523809523
Fusion,168,48,166,48,118,0,0.2891566265060241,1.0,0.44859813084112143,39,0.8125,0.23214285714285715
Objectives,168,8,166,8,158,0,0.04819277108433735,1.0,0.09195402298850576,6,0.75,0.03571428571428571
Vision Enc,168,160,155,152,3,8,0.9806451612903225,0.95,0.965079365079365,86,0.5375,0.5119047619047619
Lang Dec,168,168,168,168,0,0,1.0,1.0,1.0,95,0.5654761904761905,0.5654761904761905
Task,168,168,163,163,0,5,1.0,0.9702380952380952,0.984894259818731,161,0.9583333333333334,0.9583333333333334
