field,total_rows,available_gold,pred_present,tp_available_detect,fp_available_detect,fn_available_detect,availability_precision,availability_recall,availability_f1,correct_given_available,coverage_ceiling,yield_end_to_end
Model,20,20,20,20,0,0,1.0,1.0,1.0,5,0.25,0.25
Family,20,20,7,7,0,13,1.0,0.35,0.5185185185185185,2,0.1,0.1
RAG,20,18,18,17,1,1,0.9444444444444444,0.9444444444444444,0.9444444444444444,17,0.9444444444444444,0.85
Fusion,20,20,20,20,0,0,1.0,1.0,1.0,19,0.95,0.95
Objectives,20,20,20,20,0,0,1.0,1.0,1.0,2,0.1,0.1
Vision Enc,20,17,20,17,3,0,0.85,1.0,0.9189189189189187,9,0.5294117647058824,0.45
Lang Dec,20,20,20,20,0,0,1.0,1.0,1.0,4,0.2,0.2
Task,20,18,20,18,2,0,0.9,1.0,0.9473684210526316,16,0.8888888888888888,0.8
