field,total_rows,available_gold,pred_present,tp_available_detect,fp_available_detect,fn_available_detect,availability_precision,availability_recall,availability_f1,correct_given_available,coverage_ceiling,yield_end_to_end
Model,84,67,84,67,17,0,0.7976190476190477,1.0,0.8874172185430463,60,0.8955223880597015,0.7142857142857143
Family,84,27,39,27,12,0,0.6923076923076923,1.0,0.8181818181818181,0,0.0,0.0
RAG,84,59,72,59,13,0,0.8194444444444444,1.0,0.900763358778626,59,1.0,0.7023809523809523
Fusion,84,24,84,24,60,0,0.2857142857142857,1.0,0.4444444444444445,22,0.9166666666666666,0.2619047619047619
Objectives,84,4,84,4,80,0,0.0476190476190476,1.0,0.0909090909090909,4,1.0,0.0476190476190476
Vision Enc,84,80,83,80,3,0,0.963855421686747,1.0,0.98159509202454,67,0.8375,0.7976190476190477
Lang Dec,84,84,84,84,0,0,1.0,1.0,1.0,68,0.8095238095238095,0.8095238095238095
Task,84,84,84,84,0,0,1.0,1.0,1.0,83,0.988095238095238,0.988095238095238
