field,v22
Model,0.4285714285714285
Family,0.0
RAG,0.7023809523809523
Fusion,0.2321428571428571
Objectives,0.0357142857142857
Vision Enc,0.5119047619047619
Lang Dec,0.5654761904761905
Task,0.9583333333333334
