field,v22
Model,0.8874172185430463
Family,0.6190476190476191
RAG,0.900763358778626
Fusion,0.4485981308411214
Objectives,0.0919540229885057
Vision Enc,0.965079365079365
Lang Dec,1.0
Task,0.984894259818731
